{"entityData":{"ground_grass_13":{"entityId":"ground_grass_13","entityType":"ground","variationType":"grass","x":0,"y":-32,"rotation":0},"ground_grass_14":{"entityId":"ground_grass_14","entityType":"ground","variationType":"grass","x":32,"y":-32,"rotation":0},"ground_grass_15":{"entityId":"ground_grass_15","entityType":"ground","variationType":"grass","x":64,"y":-32,"rotation":0},"ground_grass_16":{"entityId":"ground_grass_16","entityType":"ground","variationType":"grass","x":96,"y":-32,"rotation":0},"ground_grass_17":{"entityId":"ground_grass_17","entityType":"ground","variationType":"grass","x":128,"y":-32,"rotation":0},"ground_grass_18":{"entityId":"ground_grass_18","entityType":"ground","variationType":"grass","x":160,"y":-32,"rotation":0},"ground_grass_19":{"entityId":"ground_grass_19","entityType":"ground","variationType":"grass","x":192,"y":-32,"rotation":0},"ground_grass_20":{"entityId":"ground_grass_20","entityType":"ground","variationType":"grass","x":224,"y":-32,"rotation":0},"ground_grass_21":{"entityId":"ground_grass_21","entityType":"ground","variationType":"grass","x":256,"y":-64,"rotation":0},"ground_grass_22":{"entityId":"ground_grass_22","entityType":"ground","variationType":"grass","x":288,"y":-64,"rotation":0},"ground_dirt_23":{"entityId":"ground_dirt_23","entityType":"ground","variationType":"dirt","x":256,"y":-32,"rotation":0},"ground_dirt_24":{"entityId":"ground_dirt_24","entityType":"ground","variationType":"dirt","x":288,"y":-32,"rotation":0},"ground_grass_26":{"entityId":"ground_grass_26","entityType":"ground","variationType":"grass","x":544,"y":-64,"rotation":0},"ground_dirt_26":{"entityId":"ground_dirt_26","entityType":"ground","variationType":"dirt","x":544,"y":-32,"rotation":0},"ground_grass_27":{"entityId":"ground_grass_27","entityType":"ground","variationType":"grass","x":576,"y":-96,"rotation":0},"ground_grass_28":{"entityId":"ground_grass_28","entityType":"ground","variationType":"grass","x":608,"y":-96,"rotation":0},"platform_29":{"entityId":"platform_29","entityType":"platform","variationType":"","x":640,"y":-96,"rotation":0},"platform_30":{"entityId":"platform_30","entityType":"platform","variationType":"","x":672,"y":-96,"rotation":0},"ground_dirt_31":{"entityId":"ground_dirt_31","entityType":"ground","variationType":"dirt","x":576,"y":-64,"rotation":0},"ground_dirt_32":{"entityId":"ground_dirt_32","entityType":"ground","variationType":"dirt","x":576,"y":-32,"rotation":0},"ground_dirt_33":{"entityId":"ground_dirt_33","entityType":"ground","variationType":"dirt","x":608,"y":-32,"rotation":0},"ground_dirt_34":{"entityId":"ground_dirt_34","entityType":"ground","variationType":"dirt","x":608,"y":-64,"rotation":0},"spikes_ball_35":{"entityId":"spikes_ball_35","entityType":"spikes","variationType":"ball","x":768,"y":-160,"rotation":0},"spikes_ball_36":{"entityId":"spikes_ball_36","entityType":"spikes","variationType":"ball","x":800,"y":-160,"rotation":0},"spikes_ball_37":{"entityId":"spikes_ball_37","entityType":"spikes","variationType":"ball","x":832,"y":-128,"rotation":0},"spikes_ball_38":{"entityId":"spikes_ball_38","entityType":"spikes","variationType":"ball","x":864,"y":-128,"rotation":0},"spikes_ball_40":{"entityId":"spikes_ball_40","entityType":"spikes","variationType":"ball","x":736,"y":-192,"rotation":0},"spikes_ball_41":{"entityId":"spikes_ball_41","entityType":"spikes","variationType":"ball","x":704,"y":-224,"rotation":0},"spikes_ball_42":{"entityId":"spikes_ball_42","entityType":"spikes","variationType":"ball","x":896,"y":-128,"rotation":0},"ground_grass_42":{"entityId":"ground_grass_42","entityType":"ground","variationType":"grass","x":928,"y":-32,"rotation":0},"ground_grass_43":{"entityId":"ground_grass_43","entityType":"ground","variationType":"grass","x":960,"y":-32,"rotation":0},"ground_grass_44":{"entityId":"ground_grass_44","entityType":"ground","variationType":"grass","x":992,"y":-32,"rotation":0},"ground_grass_45":{"entityId":"ground_grass_45","entityType":"ground","variationType":"grass","x":1024,"y":-32,"rotation":0},"ground_grass_46":{"entityId":"ground_grass_46","entityType":"ground","variationType":"grass","x":1056,"y":-32,"rotation":0},"ground_grass_47":{"entityId":"ground_grass_47","entityType":"ground","variationType":"grass","x":1088,"y":-32,"rotation":0},"ground_grass_48":{"entityId":"ground_grass_48","entityType":"ground","variationType":"grass","x":1120,"y":-32,"rotation":0},"ground_grass_49":{"entityId":"ground_grass_49","entityType":"ground","variationType":"grass","x":1152,"y":-32,"rotation":0},"ground_grass_50":{"entityId":"ground_grass_50","entityType":"ground","variationType":"grass","x":1184,"y":-32,"rotation":0},"ground_grass_51":{"entityId":"ground_grass_51","entityType":"ground","variationType":"grass","x":1216,"y":-32,"rotation":0},"opponent_jumper_52":{"entityId":"opponent_jumper_52","entityType":"opponent","variationType":"jumper","x":1088,"y":-64,"rotation":0},"ground_dirt_53":{"entityId":"ground_dirt_53","entityType":"ground","variationType":"dirt","x":1280,"y":-32,"rotation":0},"ground_dirt_54":{"entityId":"ground_dirt_54","entityType":"ground","variationType":"dirt","x":1280,"y":-64,"rotation":0},"ground_dirt_55":{"entityId":"ground_dirt_55","entityType":"ground","variationType":"dirt","x":1280,"y":-96,"rotation":0},"ground_dirt_56":{"entityId":"ground_dirt_56","entityType":"ground","variationType":"dirt","x":1216,"y":-128,"rotation":0},"ground_dirt_57":{"entityId":"ground_dirt_57","entityType":"ground","variationType":"dirt","x":1216,"y":-160,"rotation":0},"ground_dirt_58":{"entityId":"ground_dirt_58","entityType":"ground","variationType":"dirt","x":1216,"y":-192,"rotation":0},"ground_dirt_60":{"entityId":"ground_dirt_60","entityType":"ground","variationType":"dirt","x":1280,"y":-128,"rotation":0},"ground_dirt_61":{"entityId":"ground_dirt_61","entityType":"ground","variationType":"dirt","x":1280,"y":-160,"rotation":0},"ground_dirt_62":{"entityId":"ground_dirt_62","entityType":"ground","variationType":"dirt","x":1280,"y":-192,"rotation":0},"ground_grass_64":{"entityId":"ground_grass_64","entityType":"ground","variationType":"grass","x":1248,"y":-32,"rotation":0},"platform_65":{"entityId":"platform_65","entityType":"platform","variationType":"","x":1248,"y":-96,"rotation":0},"ground_dirt_66":{"entityId":"ground_dirt_66","entityType":"ground","variationType":"dirt","x":1216,"y":-96,"rotation":0},"platform_67":{"entityId":"platform_67","entityType":"platform","variationType":"","x":1248,"y":-160,"rotation":0},"platform_68":{"entityId":"platform_68","entityType":"platform","variationType":"","x":1248,"y":-224,"rotation":0},"ground_grass_67":{"entityId":"ground_grass_67","entityType":"ground","variationType":"grass","x":1216,"y":-224,"rotation":0},"ground_grass_68":{"entityId":"ground_grass_68","entityType":"ground","variationType":"grass","x":1280,"y":-224,"rotation":0},"platform_69":{"entityId":"platform_69","entityType":"platform","variationType":"","x":1312,"y":-224,"rotation":0},"platform_70":{"entityId":"platform_70","entityType":"platform","variationType":"","x":1344,"y":-224,"rotation":0},"platform_71":{"entityId":"platform_71","entityType":"platform","variationType":"","x":1472,"y":-192,"rotation":0},"platform_72":{"entityId":"platform_72","entityType":"platform","variationType":"","x":1504,"y":-192,"rotation":0},"platform_73":{"entityId":"platform_73","entityType":"platform","variationType":"","x":1632,"y":-160,"rotation":0},"platform_74":{"entityId":"platform_74","entityType":"platform","variationType":"","x":1664,"y":-160,"rotation":0},"platform_75":{"entityId":"platform_75","entityType":"platform","variationType":"","x":1792,"y":-128,"rotation":0},"platform_76":{"entityId":"platform_76","entityType":"platform","variationType":"","x":1824,"y":-128,"rotation":0},"platform_78":{"entityId":"platform_78","entityType":"platform","variationType":"","x":1984,"y":-96,"rotation":0},"ground_grass_78":{"entityId":"ground_grass_78","entityType":"ground","variationType":"grass","x":1952,"y":-96,"rotation":0},"ground_grass_79":{"entityId":"ground_grass_79","entityType":"ground","variationType":"grass","x":2016,"y":-96,"rotation":0},"ground_dirt_80":{"entityId":"ground_dirt_80","entityType":"ground","variationType":"dirt","x":1952,"y":-64,"rotation":0},"ground_dirt_81":{"entityId":"ground_dirt_81","entityType":"ground","variationType":"dirt","x":1952,"y":-32,"rotation":0},"ground_dirt_82":{"entityId":"ground_dirt_82","entityType":"ground","variationType":"dirt","x":2016,"y":-64,"rotation":0},"ground_dirt_83":{"entityId":"ground_dirt_83","entityType":"ground","variationType":"dirt","x":2016,"y":-32,"rotation":0},"ground_dirt_84":{"entityId":"ground_dirt_84","entityType":"ground","variationType":"dirt","x":1920,"y":-32,"rotation":0},"ground_dirt_85":{"entityId":"ground_dirt_85","entityType":"ground","variationType":"dirt","x":1888,"y":-32,"rotation":0},"ground_dirt_86":{"entityId":"ground_dirt_86","entityType":"ground","variationType":"dirt","x":1856,"y":-32,"rotation":0},"ground_dirt_87":{"entityId":"ground_dirt_87","entityType":"ground","variationType":"dirt","x":1824,"y":-32,"rotation":0},"ground_dirt_88":{"entityId":"ground_dirt_88","entityType":"ground","variationType":"dirt","x":1792,"y":-32,"rotation":0},"ground_dirt_89":{"entityId":"ground_dirt_89","entityType":"ground","variationType":"dirt","x":1760,"y":-32,"rotation":0},"ground_dirt_90":{"entityId":"ground_dirt_90","entityType":"ground","variationType":"dirt","x":1728,"y":-32,"rotation":0},"ground_dirt_91":{"entityId":"ground_dirt_91","entityType":"ground","variationType":"dirt","x":1696,"y":-32,"rotation":0},"ground_dirt_92":{"entityId":"ground_dirt_92","entityType":"ground","variationType":"dirt","x":1664,"y":-32,"rotation":0},"ground_dirt_93":{"entityId":"ground_dirt_93","entityType":"ground","variationType":"dirt","x":1632,"y":-32,"rotation":0},"ground_dirt_94":{"entityId":"ground_dirt_94","entityType":"ground","variationType":"dirt","x":1600,"y":-32,"rotation":0},"ground_dirt_95":{"entityId":"ground_dirt_95","entityType":"ground","variationType":"dirt","x":1568,"y":-32,"rotation":0},"ground_dirt_96":{"entityId":"ground_dirt_96","entityType":"ground","variationType":"dirt","x":1536,"y":-32,"rotation":0},"ground_dirt_97":{"entityId":"ground_dirt_97","entityType":"ground","variationType":"dirt","x":1504,"y":-32,"rotation":0},"ground_dirt_98":{"entityId":"ground_dirt_98","entityType":"ground","variationType":"dirt","x":1472,"y":-32,"rotation":0},"ground_dirt_99":{"entityId":"ground_dirt_99","entityType":"ground","variationType":"dirt","x":1440,"y":-32,"rotation":0},"ground_dirt_100":{"entityId":"ground_dirt_100","entityType":"ground","variationType":"dirt","x":1408,"y":-32,"rotation":0},"ground_dirt_101":{"entityId":"ground_dirt_101","entityType":"ground","variationType":"dirt","x":1376,"y":-32,"rotation":0},"ground_dirt_102":{"entityId":"ground_dirt_102","entityType":"ground","variationType":"dirt","x":1344,"y":-32,"rotation":0},"ground_dirt_103":{"entityId":"ground_dirt_103","entityType":"ground","variationType":"dirt","x":1312,"y":-32,"rotation":0},"spikes_up_104":{"entityId":"spikes_up_104","entityType":"spikes","variationType":"up","x":1312,"y":-64,"rotation":0},"spikes_up_105":{"entityId":"spikes_up_105","entityType":"spikes","variationType":"up","x":1344,"y":-64,"rotation":0},"spikes_up_106":{"entityId":"spikes_up_106","entityType":"spikes","variationType":"up","x":1376,"y":-64,"rotation":0},"spikes_up_107":{"entityId":"spikes_up_107","entityType":"spikes","variationType":"up","x":1408,"y":-64,"rotation":0},"spikes_up_108":{"entityId":"spikes_up_108","entityType":"spikes","variationType":"up","x":1440,"y":-64,"rotation":0},"spikes_up_109":{"entityId":"spikes_up_109","entityType":"spikes","variationType":"up","x":1472,"y":-64,"rotation":0},"spikes_up_110":{"entityId":"spikes_up_110","entityType":"spikes","variationType":"up","x":1504,"y":-64,"rotation":0},"spikes_up_111":{"entityId":"spikes_up_111","entityType":"spikes","variationType":"up","x":1536,"y":-64,"rotation":0},"spikes_up_112":{"entityId":"spikes_up_112","entityType":"spikes","variationType":"up","x":1568,"y":-64,"rotation":0},"spikes_up_113":{"entityId":"spikes_up_113","entityType":"spikes","variationType":"up","x":1600,"y":-64,"rotation":0},"spikes_up_114":{"entityId":"spikes_up_114","entityType":"spikes","variationType":"up","x":1632,"y":-64,"rotation":0},"spikes_up_115":{"entityId":"spikes_up_115","entityType":"spikes","variationType":"up","x":1664,"y":-64,"rotation":0},"spikes_up_116":{"entityId":"spikes_up_116","entityType":"spikes","variationType":"up","x":1696,"y":-64,"rotation":0},"spikes_up_117":{"entityId":"spikes_up_117","entityType":"spikes","variationType":"up","x":1728,"y":-64,"rotation":0},"spikes_up_118":{"entityId":"spikes_up_118","entityType":"spikes","variationType":"up","x":1760,"y":-64,"rotation":0},"spikes_up_119":{"entityId":"spikes_up_119","entityType":"spikes","variationType":"up","x":1792,"y":-64,"rotation":0},"spikes_up_120":{"entityId":"spikes_up_120","entityType":"spikes","variationType":"up","x":1824,"y":-64,"rotation":0},"spikes_up_121":{"entityId":"spikes_up_121","entityType":"spikes","variationType":"up","x":1856,"y":-64,"rotation":0},"spikes_up_122":{"entityId":"spikes_up_122","entityType":"spikes","variationType":"up","x":1888,"y":-64,"rotation":0},"spikes_up_123":{"entityId":"spikes_up_123","entityType":"spikes","variationType":"up","x":1920,"y":-64,"rotation":0},"ground_grass_124":{"entityId":"ground_grass_124","entityType":"ground","variationType":"grass","x":2144,"y":-96,"rotation":0},"ground_grass_125":{"entityId":"ground_grass_125","entityType":"ground","variationType":"grass","x":2208,"y":-96,"rotation":0},"ground_grass_126":{"entityId":"ground_grass_126","entityType":"ground","variationType":"grass","x":2368,"y":-64,"rotation":0},"ground_grass_127":{"entityId":"ground_grass_127","entityType":"ground","variationType":"grass","x":2400,"y":-64,"rotation":0},"ground_grass_128":{"entityId":"ground_grass_128","entityType":"ground","variationType":"grass","x":2432,"y":-96,"rotation":0},"ground_grass_129":{"entityId":"ground_grass_129","entityType":"ground","variationType":"grass","x":2464,"y":-96,"rotation":0},"ground_grass_130":{"entityId":"ground_grass_130","entityType":"ground","variationType":"grass","x":2528,"y":-128,"rotation":0},"ground_grass_131":{"entityId":"ground_grass_131","entityType":"ground","variationType":"grass","x":2496,"y":-128,"rotation":0},"ground_grass_132":{"entityId":"ground_grass_132","entityType":"ground","variationType":"grass","x":2560,"y":-160,"rotation":0},"ground_grass_133":{"entityId":"ground_grass_133","entityType":"ground","variationType":"grass","x":2592,"y":-160,"rotation":0},"ground_grass_134":{"entityId":"ground_grass_134","entityType":"ground","variationType":"grass","x":2624,"y":-160,"rotation":0},"ground_grass_135":{"entityId":"ground_grass_135","entityType":"ground","variationType":"grass","x":2656,"y":-160,"rotation":0},"finish_136":{"entityId":"finish_136","entityType":"finish","variationType":"","x":2656,"y":-192,"rotation":0},"finish_137":{"entityId":"finish_137","entityType":"finish","variationType":"","x":2656,"y":-224,"rotation":0},"finish_138":{"entityId":"finish_138","entityType":"finish","variationType":"","x":2656,"y":-256,"rotation":0},"ground_dirt_139":{"entityId":"ground_dirt_139","entityType":"ground","variationType":"dirt","x":2368,"y":-32,"rotation":0},"ground_dirt_140":{"entityId":"ground_dirt_140","entityType":"ground","variationType":"dirt","x":2400,"y":-32,"rotation":0},"ground_dirt_141":{"entityId":"ground_dirt_141","entityType":"ground","variationType":"dirt","x":2432,"y":-32,"rotation":0},"ground_dirt_142":{"entityId":"ground_dirt_142","entityType":"ground","variationType":"dirt","x":2432,"y":-64,"rotation":0},"ground_dirt_143":{"entityId":"ground_dirt_143","entityType":"ground","variationType":"dirt","x":2464,"y":-32,"rotation":0},"ground_dirt_144":{"entityId":"ground_dirt_144","entityType":"ground","variationType":"dirt","x":2464,"y":-64,"rotation":0},"ground_dirt_145":{"entityId":"ground_dirt_145","entityType":"ground","variationType":"dirt","x":2496,"y":-64,"rotation":0},"ground_dirt_146":{"entityId":"ground_dirt_146","entityType":"ground","variationType":"dirt","x":2496,"y":-96,"rotation":0},"ground_dirt_147":{"entityId":"ground_dirt_147","entityType":"ground","variationType":"dirt","x":2496,"y":-32,"rotation":0},"ground_dirt_148":{"entityId":"ground_dirt_148","entityType":"ground","variationType":"dirt","x":2528,"y":-32,"rotation":0},"ground_dirt_149":{"entityId":"ground_dirt_149","entityType":"ground","variationType":"dirt","x":2528,"y":-64,"rotation":0},"ground_dirt_150":{"entityId":"ground_dirt_150","entityType":"ground","variationType":"dirt","x":2528,"y":-96,"rotation":0},"ground_dirt_151":{"entityId":"ground_dirt_151","entityType":"ground","variationType":"dirt","x":2560,"y":-64,"rotation":0},"ground_dirt_152":{"entityId":"ground_dirt_152","entityType":"ground","variationType":"dirt","x":2560,"y":-32,"rotation":0},"ground_dirt_153":{"entityId":"ground_dirt_153","entityType":"ground","variationType":"dirt","x":2560,"y":-96,"rotation":0},"ground_dirt_154":{"entityId":"ground_dirt_154","entityType":"ground","variationType":"dirt","x":2560,"y":-128,"rotation":0},"ground_dirt_155":{"entityId":"ground_dirt_155","entityType":"ground","variationType":"dirt","x":2592,"y":-128,"rotation":0},"ground_dirt_156":{"entityId":"ground_dirt_156","entityType":"ground","variationType":"dirt","x":2624,"y":-128,"rotation":0},"ground_dirt_157":{"entityId":"ground_dirt_157","entityType":"ground","variationType":"dirt","x":2656,"y":-128,"rotation":0},"ground_dirt_158":{"entityId":"ground_dirt_158","entityType":"ground","variationType":"dirt","x":2656,"y":-96,"rotation":0},"ground_dirt_159":{"entityId":"ground_dirt_159","entityType":"ground","variationType":"dirt","x":2656,"y":-64,"rotation":0},"ground_dirt_160":{"entityId":"ground_dirt_160","entityType":"ground","variationType":"dirt","x":2624,"y":-64,"rotation":0},"ground_dirt_161":{"entityId":"ground_dirt_161","entityType":"ground","variationType":"dirt","x":2624,"y":-32,"rotation":0},"ground_dirt_162":{"entityId":"ground_dirt_162","entityType":"ground","variationType":"dirt","x":2592,"y":-32,"rotation":0},"ground_dirt_163":{"entityId":"ground_dirt_163","entityType":"ground","variationType":"dirt","x":2592,"y":-64,"rotation":0},"ground_dirt_164":{"entityId":"ground_dirt_164","entityType":"ground","variationType":"dirt","x":2592,"y":-96,"rotation":0},"ground_dirt_165":{"entityId":"ground_dirt_165","entityType":"ground","variationType":"dirt","x":2624,"y":-96,"rotation":0},"ground_dirt_166":{"entityId":"ground_dirt_166","entityType":"ground","variationType":"dirt","x":2656,"y":-32,"rotation":0},"ground_dirt_167":{"entityId":"ground_dirt_167","entityType":"ground","variationType":"dirt","x":2144,"y":-64,"rotation":0},"ground_dirt_168":{"entityId":"ground_dirt_168","entityType":"ground","variationType":"dirt","x":2144,"y":-32,"rotation":0},"ground_dirt_169":{"entityId":"ground_dirt_169","entityType":"ground","variationType":"dirt","x":2208,"y":-64,"rotation":0},"ground_dirt_170":{"entityId":"ground_dirt_170","entityType":"ground","variationType":"dirt","x":2208,"y":-32,"rotation":0},"coin_171":{"entityId":"coin_171","entityType":"coin","variationType":"","x":896,"y":-64,"rotation":0},"coin_172":{"entityId":"coin_172","entityType":"coin","variationType":"","x":704,"y":-128,"rotation":0},"coin_173":{"entityId":"coin_173","entityType":"coin","variationType":"","x":800,"y":-96,"rotation":0},"coin_174":{"entityId":"coin_174","entityType":"coin","variationType":"","x":1408,"y":-224,"rotation":0},"coin_175":{"entityId":"coin_175","entityType":"coin","variationType":"","x":1568,"y":-192,"rotation":0},"coin_176":{"entityId":"coin_176","entityType":"coin","variationType":"","x":1728,"y":-160,"rotation":0},"coin_177":{"entityId":"coin_177","entityType":"coin","variationType":"","x":1888,"y":-128,"rotation":0},"coin_178":{"entityId":"coin_178","entityType":"coin","variationType":"","x":2176,"y":-160,"rotation":0},"opponent_walker_179":{"entityId":"opponent_walker_179","entityType":"opponent","variationType":"walker","x":1280,"y":-256,"rotation":0}},"editableComponentData":{"Balance":{"accelerationForce":1000,"killJumpForce":310,"maxFallingSpeed":50,"maxSpeed":230,"normalJumpForce":170,"starInvincibilityTime":4000},"Physics":{"gravityY":40},"OpponentWalker":{"speed":30},"OpponentJumper":{"horizontalJumpForce":200,"verticalJumpForce":170}},"levelMetaData":{"levelName":"Level III","levelId":8390,"storageLocation":"authorGenerated","lastModificationTime":"Mi. Dez. 16 12:39:24 2015 GMT","creationTime":"Mi. Dez. 16 12:35:29 2015 GMT"},"customData":{"background":2,"playerX":32,"playerY":-96}}
