{"entityData":{"ground_grass_14":{"entityId":"ground_grass_14","entityType":"ground","variationType":"grass","x":32,"y":-32,"rotation":0},"ground_grass_15":{"entityId":"ground_grass_15","entityType":"ground","variationType":"grass","x":64,"y":-32,"rotation":0},"ground_grass_16":{"entityId":"ground_grass_16","entityType":"ground","variationType":"grass","x":96,"y":-32,"rotation":0},"ground_grass_17":{"entityId":"ground_grass_17","entityType":"ground","variationType":"grass","x":128,"y":-32,"rotation":0},"ground_grass_18":{"entityId":"ground_grass_18","entityType":"ground","variationType":"grass","x":160,"y":-32,"rotation":0},"ground_grass_19":{"entityId":"ground_grass_19","entityType":"ground","variationType":"grass","x":192,"y":-32,"rotation":0},"ground_grass_20":{"entityId":"ground_grass_20","entityType":"ground","variationType":"grass","x":224,"y":-32,"rotation":0},"ground_grass_21":{"entityId":"ground_grass_21","entityType":"ground","variationType":"grass","x":256,"y":-32,"rotation":0},"ground_grass_22":{"entityId":"ground_grass_22","entityType":"ground","variationType":"grass","x":288,"y":-32,"rotation":0},"ground_grass_23":{"entityId":"ground_grass_23","entityType":"ground","variationType":"grass","x":320,"y":-32,"rotation":0},"ground_grass_24":{"entityId":"ground_grass_24","entityType":"ground","variationType":"grass","x":352,"y":-32,"rotation":0},"ground_grass_25":{"entityId":"ground_grass_25","entityType":"ground","variationType":"grass","x":384,"y":-32,"rotation":0},"ground_grass_26":{"entityId":"ground_grass_26","entityType":"ground","variationType":"grass","x":416,"y":-32,"rotation":0},"ground_grass_27":{"entityId":"ground_grass_27","entityType":"ground","variationType":"grass","x":448,"y":-32,"rotation":0},"ground_grass_28":{"entityId":"ground_grass_28","entityType":"ground","variationType":"grass","x":480,"y":-32,"rotation":0},"coin_29":{"entityId":"coin_29","entityType":"coin","variationType":"","x":224,"y":-64,"rotation":0},"coin_30":{"entityId":"coin_30","entityType":"coin","variationType":"","x":192,"y":-96,"rotation":0},"coin_31":{"entityId":"coin_31","entityType":"coin","variationType":"","x":192,"y":-128,"rotation":0},"coin_32":{"entityId":"coin_32","entityType":"coin","variationType":"","x":192,"y":-160,"rotation":0},"coin_33":{"entityId":"coin_33","entityType":"coin","variationType":"","x":192,"y":-192,"rotation":0},"coin_34":{"entityId":"coin_34","entityType":"coin","variationType":"","x":256,"y":-192,"rotation":0},"coin_35":{"entityId":"coin_35","entityType":"coin","variationType":"","x":256,"y":-160,"rotation":0},"coin_36":{"entityId":"coin_36","entityType":"coin","variationType":"","x":256,"y":-128,"rotation":0},"coin_37":{"entityId":"coin_37","entityType":"coin","variationType":"","x":256,"y":-128,"rotation":0},"coin_38":{"entityId":"coin_38","entityType":"coin","variationType":"","x":256,"y":-96,"rotation":0},"coin_39":{"entityId":"coin_39","entityType":"coin","variationType":"","x":320,"y":-128,"rotation":0},"coin_40":{"entityId":"coin_40","entityType":"coin","variationType":"","x":320,"y":-128,"rotation":0},"coin_41":{"entityId":"coin_41","entityType":"coin","variationType":"","x":352,"y":-128,"rotation":0},"coin_42":{"entityId":"coin_42","entityType":"coin","variationType":"","x":416,"y":-64,"rotation":0},"coin_43":{"entityId":"coin_43","entityType":"coin","variationType":"","x":416,"y":-96,"rotation":0},"coin_44":{"entityId":"coin_44","entityType":"coin","variationType":"","x":416,"y":-128,"rotation":0},"coin_45":{"entityId":"coin_45","entityType":"coin","variationType":"","x":416,"y":-160,"rotation":0},"coin_46":{"entityId":"coin_46","entityType":"coin","variationType":"","x":416,"y":-192,"rotation":0},"coin_47":{"entityId":"coin_47","entityType":"coin","variationType":"","x":448,"y":-192,"rotation":0},"coin_48":{"entityId":"coin_48","entityType":"coin","variationType":"","x":480,"y":-160,"rotation":0},"coin_49":{"entityId":"coin_49","entityType":"coin","variationType":"","x":448,"y":-128,"rotation":0},"coin_50":{"entityId":"coin_50","entityType":"coin","variationType":"","x":544,"y":-192,"rotation":0},"coin_51":{"entityId":"coin_51","entityType":"coin","variationType":"","x":544,"y":-160,"rotation":0},"coin_52":{"entityId":"coin_52","entityType":"coin","variationType":"","x":544,"y":-128,"rotation":0},"coin_53":{"entityId":"coin_53","entityType":"coin","variationType":"","x":544,"y":-96,"rotation":0},"coin_54":{"entityId":"coin_54","entityType":"coin","variationType":"","x":544,"y":-64,"rotation":0},"coin_55":{"entityId":"coin_55","entityType":"coin","variationType":"","x":576,"y":-64,"rotation":0},"coin_56":{"entityId":"coin_56","entityType":"coin","variationType":"","x":608,"y":-64,"rotation":0},"coin_57":{"entityId":"coin_57","entityType":"coin","variationType":"","x":672,"y":-64,"rotation":0},"coin_58":{"entityId":"coin_58","entityType":"coin","variationType":"","x":672,"y":-96,"rotation":0},"coin_59":{"entityId":"coin_59","entityType":"coin","variationType":"","x":672,"y":-128,"rotation":0},"coin_60":{"entityId":"coin_60","entityType":"coin","variationType":"","x":672,"y":-160,"rotation":0},"coin_61":{"entityId":"coin_61","entityType":"coin","variationType":"","x":704,"y":-192,"rotation":0},"coin_62":{"entityId":"coin_62","entityType":"coin","variationType":"","x":736,"y":-160,"rotation":0},"coin_63":{"entityId":"coin_63","entityType":"coin","variationType":"","x":736,"y":-128,"rotation":0},"coin_64":{"entityId":"coin_64","entityType":"coin","variationType":"","x":736,"y":-96,"rotation":0},"coin_65":{"entityId":"coin_65","entityType":"coin","variationType":"","x":736,"y":-64,"rotation":0},"coin_66":{"entityId":"coin_66","entityType":"coin","variationType":"","x":704,"y":-128,"rotation":0},"coin_67":{"entityId":"coin_67","entityType":"coin","variationType":"","x":800,"y":-192,"rotation":0},"coin_68":{"entityId":"coin_68","entityType":"coin","variationType":"","x":800,"y":-160,"rotation":0},"coin_69":{"entityId":"coin_69","entityType":"coin","variationType":"","x":864,"y":-192,"rotation":0},"coin_70":{"entityId":"coin_70","entityType":"coin","variationType":"","x":864,"y":-160,"rotation":0},"coin_71":{"entityId":"coin_71","entityType":"coin","variationType":"","x":832,"y":-128,"rotation":0},"coin_72":{"entityId":"coin_72","entityType":"coin","variationType":"","x":832,"y":-96,"rotation":0},"coin_73":{"entityId":"coin_73","entityType":"coin","variationType":"","x":832,"y":-64,"rotation":0},"ground_grass_74":{"entityId":"ground_grass_74","entityType":"ground","variationType":"grass","x":512,"y":-32,"rotation":0},"ground_grass_75":{"entityId":"ground_grass_75","entityType":"ground","variationType":"grass","x":544,"y":-32,"rotation":0},"ground_grass_76":{"entityId":"ground_grass_76","entityType":"ground","variationType":"grass","x":576,"y":-32,"rotation":0},"ground_grass_77":{"entityId":"ground_grass_77","entityType":"ground","variationType":"grass","x":608,"y":-32,"rotation":0},"ground_grass_78":{"entityId":"ground_grass_78","entityType":"ground","variationType":"grass","x":640,"y":-32,"rotation":0},"ground_grass_79":{"entityId":"ground_grass_79","entityType":"ground","variationType":"grass","x":672,"y":-32,"rotation":0},"ground_grass_80":{"entityId":"ground_grass_80","entityType":"ground","variationType":"grass","x":704,"y":-32,"rotation":0},"ground_grass_81":{"entityId":"ground_grass_81","entityType":"ground","variationType":"grass","x":736,"y":-32,"rotation":0},"ground_grass_82":{"entityId":"ground_grass_82","entityType":"ground","variationType":"grass","x":768,"y":-32,"rotation":0},"ground_grass_83":{"entityId":"ground_grass_83","entityType":"ground","variationType":"grass","x":800,"y":-32,"rotation":0},"ground_grass_84":{"entityId":"ground_grass_84","entityType":"ground","variationType":"grass","x":832,"y":-32,"rotation":0},"ground_grass_85":{"entityId":"ground_grass_85","entityType":"ground","variationType":"grass","x":864,"y":-32,"rotation":0},"ground_dirt_85":{"entityId":"ground_dirt_85","entityType":"ground","variationType":"dirt","x":0,"y":-32,"rotation":0},"ground_dirt_86":{"entityId":"ground_dirt_86","entityType":"ground","variationType":"dirt","x":0,"y":-64,"rotation":0},"ground_dirt_87":{"entityId":"ground_dirt_87","entityType":"ground","variationType":"dirt","x":0,"y":-96,"rotation":0},"ground_dirt_88":{"entityId":"ground_dirt_88","entityType":"ground","variationType":"dirt","x":0,"y":-128,"rotation":0},"ground_dirt_89":{"entityId":"ground_dirt_89","entityType":"ground","variationType":"dirt","x":0,"y":-160,"rotation":0},"ground_dirt_90":{"entityId":"ground_dirt_90","entityType":"ground","variationType":"dirt","x":0,"y":-192,"rotation":0},"ground_dirt_91":{"entityId":"ground_dirt_91","entityType":"ground","variationType":"dirt","x":0,"y":-224,"rotation":0},"ground_dirt_92":{"entityId":"ground_dirt_92","entityType":"ground","variationType":"dirt","x":0,"y":-256,"rotation":0},"ground_dirt_93":{"entityId":"ground_dirt_93","entityType":"ground","variationType":"dirt","x":0,"y":-288,"rotation":0},"ground_dirt_94":{"entityId":"ground_dirt_94","entityType":"ground","variationType":"dirt","x":0,"y":-320,"rotation":0},"ground_dirt_95":{"entityId":"ground_dirt_95","entityType":"ground","variationType":"dirt","x":0,"y":-352,"rotation":0},"ground_dirt_96":{"entityId":"ground_dirt_96","entityType":"ground","variationType":"dirt","x":0,"y":-384,"rotation":0},"ground_dirt_97":{"entityId":"ground_dirt_97","entityType":"ground","variationType":"dirt","x":0,"y":-416,"rotation":0},"ground_dirt_98":{"entityId":"ground_dirt_98","entityType":"ground","variationType":"dirt","x":0,"y":-448,"rotation":0},"ground_dirt_99":{"entityId":"ground_dirt_99","entityType":"ground","variationType":"dirt","x":0,"y":-480,"rotation":0},"ground_dirt_100":{"entityId":"ground_dirt_100","entityType":"ground","variationType":"dirt","x":96,"y":-480,"rotation":0},"ground_dirt_101":{"entityId":"ground_dirt_101","entityType":"ground","variationType":"dirt","x":96,"y":-448,"rotation":0},"ground_dirt_102":{"entityId":"ground_dirt_102","entityType":"ground","variationType":"dirt","x":96,"y":-416,"rotation":0},"ground_dirt_103":{"entityId":"ground_dirt_103","entityType":"ground","variationType":"dirt","x":96,"y":-384,"rotation":0},"ground_dirt_104":{"entityId":"ground_dirt_104","entityType":"ground","variationType":"dirt","x":96,"y":-352,"rotation":0},"ground_dirt_105":{"entityId":"ground_dirt_105","entityType":"ground","variationType":"dirt","x":96,"y":-320,"rotation":0},"ground_dirt_106":{"entityId":"ground_dirt_106","entityType":"ground","variationType":"dirt","x":96,"y":-288,"rotation":0},"ground_dirt_107":{"entityId":"ground_dirt_107","entityType":"ground","variationType":"dirt","x":96,"y":-256,"rotation":0},"ground_dirt_108":{"entityId":"ground_dirt_108","entityType":"ground","variationType":"dirt","x":96,"y":-224,"rotation":0},"ground_dirt_109":{"entityId":"ground_dirt_109","entityType":"ground","variationType":"dirt","x":96,"y":-192,"rotation":0},"ground_dirt_110":{"entityId":"ground_dirt_110","entityType":"ground","variationType":"dirt","x":96,"y":-160,"rotation":0},"ground_grass_111":{"entityId":"ground_grass_111","entityType":"ground","variationType":"grass","x":0,"y":-512,"rotation":0},"ground_grass_112":{"entityId":"ground_grass_112","entityType":"ground","variationType":"grass","x":32,"y":-512,"rotation":0},"ground_grass_113":{"entityId":"ground_grass_113","entityType":"ground","variationType":"grass","x":64,"y":-512,"rotation":0},"ground_grass_114":{"entityId":"ground_grass_114","entityType":"ground","variationType":"grass","x":96,"y":-512,"rotation":0},"mushroom_115":{"entityId":"mushroom_115","entityType":"mushroom","variationType":"","x":32,"y":-384,"rotation":0},"mushroom_116":{"entityId":"mushroom_116","entityType":"mushroom","variationType":"","x":64,"y":-384,"rotation":0},"coin_117":{"entityId":"coin_117","entityType":"coin","variationType":"","x":32,"y":-320,"rotation":0},"coin_118":{"entityId":"coin_118","entityType":"coin","variationType":"","x":32,"y":-288,"rotation":0},"coin_119":{"entityId":"coin_119","entityType":"coin","variationType":"","x":32,"y":-256,"rotation":0},"coin_120":{"entityId":"coin_120","entityType":"coin","variationType":"","x":32,"y":-224,"rotation":0},"coin_121":{"entityId":"coin_121","entityType":"coin","variationType":"","x":32,"y":-192,"rotation":0},"coin_122":{"entityId":"coin_122","entityType":"coin","variationType":"","x":32,"y":-160,"rotation":0},"coin_123":{"entityId":"coin_123","entityType":"coin","variationType":"","x":64,"y":-160,"rotation":0},"coin_124":{"entityId":"coin_124","entityType":"coin","variationType":"","x":64,"y":-192,"rotation":0},"coin_125":{"entityId":"coin_125","entityType":"coin","variationType":"","x":64,"y":-224,"rotation":0},"coin_126":{"entityId":"coin_126","entityType":"coin","variationType":"","x":64,"y":-256,"rotation":0},"coin_127":{"entityId":"coin_127","entityType":"coin","variationType":"","x":64,"y":-288,"rotation":0},"coin_128":{"entityId":"coin_128","entityType":"coin","variationType":"","x":64,"y":-320,"rotation":0},"coin_129":{"entityId":"coin_129","entityType":"coin","variationType":"","x":64,"y":-352,"rotation":0},"coin_130":{"entityId":"coin_130","entityType":"coin","variationType":"","x":32,"y":-352,"rotation":0},"ground_grass_131":{"entityId":"ground_grass_131","entityType":"ground","variationType":"grass","x":896,"y":-32,"rotation":0},"ground_grass_132":{"entityId":"ground_grass_132","entityType":"ground","variationType":"grass","x":928,"y":-32,"rotation":0},"ground_grass_133":{"entityId":"ground_grass_133","entityType":"ground","variationType":"grass","x":960,"y":-32,"rotation":0},"ground_grass_134":{"entityId":"ground_grass_134","entityType":"ground","variationType":"grass","x":992,"y":-32,"rotation":0},"ground_grass_135":{"entityId":"ground_grass_135","entityType":"ground","variationType":"grass","x":1024,"y":-32,"rotation":0},"ground_grass_136":{"entityId":"ground_grass_136","entityType":"ground","variationType":"grass","x":1056,"y":-32,"rotation":0},"ground_grass_137":{"entityId":"ground_grass_137","entityType":"ground","variationType":"grass","x":1088,"y":-32,"rotation":0},
"ground_grass_138":{"entityId":"ground_grass_138","entityType":"ground","variationType":"grass","x":1120,"y":-32,"rotation":0},
"ground_grass_139":{"entityId":"ground_grass_139","entityType":"ground","variationType":"grass","x":1152,"y":-32,"rotation":0},
"ground_grass_140":{"entityId":"ground_grass_140","entityType":"ground","variationType":"grass","x":1184,"y":-32,"rotation":0},
"ground_grass_141":{"entityId":"ground_grass_141","entityType":"ground","variationType":"grass","x":1216,"y":-32,"rotation":0},
"ground_grass_142":{"entityId":"ground_grass_142","entityType":"ground","variationType":"grass","x":1248,"y":-32,"rotation":0},
"ground_grass_143":{"entityId":"ground_grass_143","entityType":"ground","variationType":"grass","x":1280,"y":-32,"rotation":0},
"coin_138":{"entityId":"coin_138","entityType":"coin","variationType":"","x":928,"y":-192,"rotation":0},"coin_139":{"entityId":"coin_139","entityType":"coin","variationType":"","x":928,"y":-160,"rotation":0},"coin_140":{"entityId":"coin_140","entityType":"coin","variationType":"","x":928,"y":-128,"rotation":0},"coin_141":{"entityId":"coin_141","entityType":"coin","variationType":"","x":928,"y":-64,"rotation":0},
"finish_142":{"entityId":"finish_142","entityType":"finish","variationType":"","x":1214,"y":-148,"rotation":0}},"editableComponentData":{"Balance":{"accelerationForce":1000,"killJumpForce":420,"maxFallingSpeed":800,"maxSpeed":230,"normalJumpForce":210,"starInvincibilityTime":4000},"Physics":{"gravityY":40},"OpponentWalker":{"speed":70},"OpponentJumper":{"horizontalJumpForce":40,"verticalJumpForce":510}},"levelMetaData":{"levelName":"Reward","levelId":8054,"storageLocation":"authorGenerated","lastModificationTime":"2022-07-09 ","creationTime":"2022-6-20"},"customData":{"background":0,"playerX":32,"playerY":-480}}
