{"entityData":{"ground_grass_9":{"entityId":"ground_grass_9","entityType":"ground","variationType":"grass","x":320,"y":-160,"rotation":0},
"ground_grass_10":{"entityId":"ground_grass_10","entityType":"ground","variationType":"grass","x":288,"y":-160,"rotation":0},
"ground_grass_11":{"entityId":"ground_grass_11","entityType":"ground","variationType":"grass","x":224,"y":-160,"rotation":0},
"ground_grass_12":{"entityId":"ground_grass_12","entityType":"ground","variationType":"grass","x":256,"y":-160,"rotation":0},
"coin_5":{"entityId":"coin_5","entityType":"coin","variationType":"","x":256,"y":-208,"rotation":0},
"coin_6":{"entityId":"coin_6","entityType":"coin","variationType":"","x":288,"y":-208,"rotation":0},
"opponent_walker_01":{"entityId":"opponent_walker_01","entityType":"opponent","variationType":"walker","x":318,"y":-65,"rotation":0},
"ground_grass_13":{"entityId":"ground_grass_13","entityType":"ground","variationType":"grass","x":0,"y":-32,"rotation":0},
"ground_grass_14":{"entityId":"ground_grass_14","entityType":"ground","variationType":"grass","x":32,"y":-32,"rotation":0},"ground_grass_15":{"entityId":"ground_grass_15","entityType":"ground","variationType":"grass","x":64,"y":-65,"rotation":0},"ground_grass_16":{"entityId":"ground_grass_16","entityType":"ground","variationType":"grass","x":96,"y":-90,"rotation":0},"ground_grass_17":{"entityId":"ground_grass_17","entityType":"ground","variationType":"grass","x":128,"y":-65,"rotation":0},
"coin_177":{"entityId":"coin_177","entityType":"coin","variationType":"","x":64,"y":-96,"rotation":0},
"coin_178":{"entityId":"coin_178","entityType":"coin","variationType":"","x":96,"y":-126,"rotation":0},
"coin_175":{"entityId":"coin_175","entityType":"coin","variationType":"","x":128,"y":-96,"rotation":0},
"ground_grass_18":{"entityId":"ground_grass_18","entityType":"ground","variationType":"grass","x":160,"y":-32,"rotation":0},"ground_grass_19":{"entityId":"ground_grass_19","entityType":"ground","variationType":"grass","x":192,"y":-32,"rotation":0},"ground_grass_20":{"entityId":"ground_grass_20","entityType":"ground","variationType":"grass","x":224,"y":-32,"rotation":0},"ground_grass_21":{"entityId":"ground_grass_21","entityType":"ground","variationType":"grass","x":256,"y":-32,"rotation":0},"ground_grass_22":{"entityId":"ground_grass_22","entityType":"ground","variationType":"grass","x":288,"y":-32,"rotation":0},"ground_grass_23":{"entityId":"ground_grass_23","entityType":"ground","variationType":"grass","x":320,"y":-32,"rotation":0},"ground_grass_24":{"entityId":"ground_grass_24","entityType":"ground","variationType":"grass","x":352,"y":-32,"rotation":0},"ground_grass_25":{"entityId":"ground_grass_25","entityType":"ground","variationType":"grass","x":384,"y":-32,"rotation":0},"ground_grass_26":{"entityId":"ground_grass_26","entityType":"ground","variationType":"grass","x":416,"y":-32,"rotation":0},"opponent_walker_29":{"entityId":"opponent_walker_29","entityType":"opponent","variationType":"walker","x":416,"y":-10,"rotation":0},"ground_dirt_30":{"entityId":"ground_dirt_30","entityType":"ground","variationType":"dirt","x":512,"y":-32,"rotation":0},"ground_dirt_31":{"entityId":"ground_dirt_31","entityType":"ground","variationType":"dirt","x":512,"y":-64,"rotation":0},"ground_dirt_32":{"entityId":"ground_dirt_32","entityType":"ground","variationType":"dirt","x":512,"y":-96,"rotation":0},
"ground_grass_33":{"entityId":"ground_grass_33","entityType":"ground","variationType":"grass","x":512,"y":-128,"rotation":0},"platform_34":{"entityId":"platform_34","entityType":"platform","variationType":"","x":544,"y":-128,"rotation":0},"platform_35":{"entityId":"platform_35","entityType":"platform","variationType":"","x":576,"y":-128,"rotation":0},"platform_36":{"entityId":"platform_36","entityType":"platform","variationType":"","x":608,"y":-128,"rotation":0},"ground_grass_37":{"entityId":"ground_grass_37","entityType":"ground","variationType":"grass","x":640,"y":-128,"rotation":0},"ground_dirt_38":{"entityId":"ground_dirt_38","entityType":"ground","variationType":"dirt","x":640,"y":-96,"rotation":0},"ground_dirt_39":{"entityId":"ground_dirt_39","entityType":"ground","variationType":"dirt","x":640,"y":-64,"rotation":0},"ground_dirt_40":{"entityId":"ground_dirt_40","entityType":"ground","variationType":"dirt","x":640,"y":-32,"rotation":0},"ground_dirt_41":{"entityId":"ground_dirt_41","entityType":"ground","variationType":"dirt","x":672,"y":-32,"rotation":0},"ground_dirt_42":{"entityId":"ground_dirt_42","entityType":"ground","variationType":"dirt","x":704,"y":-32,"rotation":0},
"ground_grass_43":{"entityId":"ground_grass_43","entityType":"ground","variationType":"grass","x":672,"y":-64,"rotation":0},"ground_grass_44":{"entityId":"ground_grass_44","entityType":"ground","variationType":"grass","x":704,"y":-64,"rotation":0},
"mushroom_45":{"entityId":"mushroom_45","entityType":"mushroom","variationType":"","x":576,"y":-160,"rotation":0},
"ground_grass_46":{"entityId":"ground_grass_46","entityType":"ground","variationType":"grass","x":736,"y":-64,"rotation":0},"ground_grass_47":{"entityId":"ground_grass_47","entityType":"ground","variationType":"grass","x":768,"y":-64,"rotation":0},"ground_dirt_48":{"entityId":"ground_dirt_48","entityType":"ground","variationType":"dirt","x":736,"y":-32,"rotation":0},
"ground_dirt_49":
{"entityId":"ground_dirt_49","entityType":"ground","variationType":"dirt","x":768,"y":-32,"rotation":0},
"ground_grass_50":{"entityId":"ground_grass_50","entityType":"ground","variationType":"grass","x":800,"y":-32,"rotation":0},
"ground_grass_51":{"entityId":"ground_grass_51","entityType":"ground","variationType":"grass","x":832,"y":-32,"rotation":0},
"ground_grass_52":{"entityId":"ground_grass_52","entityType":"ground","variationType":"grass","x":864,"y":-32,"rotation":0},
"ground_grass_53":{"entityId":"ground_grass_53","entityType":"ground","variationType":"grass","x":896,"y":-32,"rotation":0},"ground_grass_54":{"entityId":"ground_grass_54","entityType":"ground","variationType":"grass","x":928,"y":-32,"rotation":0},"ground_grass_55":{"entityId":"ground_grass_55","entityType":"ground","variationType":"grass","x":960,"y":-32,"rotation":0},"ground_grass_56":{"entityId":"ground_grass_56","entityType":"ground","variationType":"grass","x":992,"y":-32,"rotation":0},"opponent_jumper_57":{"entityId":"opponent_jumper_57","entityType":"opponent","variationType":"jumper","x":920,"y":-200,"rotation":0},"ground_grass_58":{"entityId":"ground_grass_58","entityType":"ground","variationType":"grass","x":1024,"y":-32,"rotation":0},"ground_grass_59":{"entityId":"ground_grass_59","entityType":"ground","variationType":"grass","x":1056,"y":-32,"rotation":0},"ground_dirt_60":{"entityId":"ground_dirt_60","entityType":"ground","variationType":"dirt","x":930,"y":-150,"rotation":0},
"ground_dirt_61":{"entityId":"ground_dirt_61","entityType":"ground","variationType":"dirt","x":900,"y":-150,"rotation":0},
"ground_dirt_62":{"entityId":"ground_dirt_62","entityType":"ground","variationType":"dirt","x":872,"y":-150,"rotation":0},
"ground_dirt_63":{"entityId":"ground_dirt_63","entityType":"ground","variationType":"dirt","x":960,"y":-150,"rotation":0},
"ground_dirt_64":{"entityId":"ground_dirt_64","entityType":"ground","variationType":"dirt","x":960,"y":-182,"rotation":0},
"ground_dirt_65":{"entityId":"ground_dirt_65","entityType":"ground","variationType":"dirt","x":930,"y":-182,"rotation":0},
"ground_dirt_66":{"entityId":"ground_dirt_66","entityType":"ground","variationType":"dirt","x":960,"y":-213,"rotation":0},
"ground_dirt_67":{"entityId":"ground_dirt_67","entityType":"ground","variationType":"dirt","x":1088,"y":-160,"rotation":0},
"ground_dirt_68":{"entityId":"ground_dirt_68","entityType":"ground","variationType":"dirt","x":1088,"y":-192,"rotation":0},

"platform_71":{"entityId":"platform_71","entityType":"platform","variationType":"","x":1024,"y":-224,"rotation":0},"platform_72":{"entityId":"platform_72","entityType":"platform","variationType":"","x":1056,"y":-224,"rotation":0},"platform_73":{"entityId":"platform_73","entityType":"platform","variationType":"","x":1024,"y":-320,"rotation":0},"platform_74":{"entityId":"platform_74","entityType":"platform","variationType":"","x":1056,"y":-320,"rotation":0},
"ground_dirt_75":{"entityId":"ground_dirt_75","entityType":"ground","variationType":"dirt","x":992,"y":-320,"rotation":0},"ground_dirt_76":{"entityId":"ground_dirt_76","entityType":"ground","variationType":"dirt","x":992,"y":-320,"rotation":0},
"ground_dirt_77":{"entityId":"ground_dirt_77","entityType":"ground","variationType":"dirt","x":992,"y":-213,"rotation":0},"ground_dirt_78":{"entityId":"ground_dirt_78","entityType":"ground","variationType":"dirt","x":1088,"y":-288,"rotation":0},"ground_dirt_79":{"entityId":"ground_dirt_79","entityType":"ground","variationType":"dirt","x":1088,"y":-256,"rotation":0},"ground_dirt_80":{"entityId":"ground_dirt_80","entityType":"ground","variationType":"dirt","x":1088,"y":-224,"rotation":0},"ground_grass_81":{"entityId":"ground_grass_81","entityType":"ground","variationType":"grass","x":992,"y":-320,"rotation":0},"ground_grass_82":{"entityId":"ground_grass_82","entityType":"ground","variationType":"grass","x":1088,"y":-320,"rotation":0},"ground_grass_83":{"entityId":"ground_grass_83","entityType":"ground","variationType":"grass","x":1120,"y":-320,"rotation":0},"ground_grass_84":{"entityId":"ground_grass_84","entityType":"ground","variationType":"grass","x":1152,"y":-320,"rotation":0},"ground_dirt_89":{"entityId":"ground_dirt_89","entityType":"ground","variationType":"dirt","x":1120,"y":-288,"rotation":0},
"coin_95":{"entityId":"coin_95","entityType":"coin","variationType":"","x":1184,"y":-384,"rotation":0},"coin_96":{"entityId":"coin_96","entityType":"coin","variationType":"","x":1216,"y":-416,"rotation":0},"coin_97":{"entityId":"coin_97","entityType":"coin","variationType":"","x":1248,"y":-384,"rotation":0},
"ground_grass_99":{"entityId":"ground_grass_99","entityType":"ground","variationType":"grass","x":1440,"y":-320,"rotation":0},"ground_grass_100":{"entityId":"ground_grass_100","entityType":"ground","variationType":"grass","x":1472,"y":-256,"rotation":0},"ground_grass_101":{"entityId":"ground_grass_101","entityType":"ground","variationType":"grass","x":1504,"y":-192,"rotation":0},"ground_grass_102":{"entityId":"ground_grass_102","entityType":"ground","variationType":"grass","x":1536,"y":-128,"rotation":0},"ground_grass_103":{"entityId":"ground_grass_103","entityType":"ground","variationType":"grass","x":1568,"y":-64,"rotation":0},"ground_dirt_105":{"entityId":"ground_dirt_105","entityType":"ground","variationType":"dirt","x":1440,"y":-288,"rotation":0},"ground_dirt_106":{"entityId":"ground_dirt_106","entityType":"ground","variationType":"dirt","x":1440,"y":-256,"rotation":0},"ground_dirt_107":{"entityId":"ground_dirt_107","entityType":"ground","variationType":"dirt","x":1472,"y":-224,"rotation":0},
"ground_dirt_108":{"entityId":"ground_dirt_108","entityType":"ground","variationType":"dirt","x":1472,"y":-192,"rotation":0},"ground_dirt_109":{"entityId":"ground_dirt_109","entityType":"ground","variationType":"dirt","x":1472,"y":-160,"rotation":0},"ground_dirt_110":{"entityId":"ground_dirt_110","entityType":"ground","variationType":"dirt","x":1504,"y":-160,"rotation":0},"ground_dirt_111":{"entityId":"ground_dirt_111","entityType":"ground","variationType":"dirt","x":1504,"y":-128,"rotation":0},"ground_dirt_112":{"entityId":"ground_dirt_112","entityType":"ground","variationType":"dirt","x":1504,"y":-96,"rotation":0},"ground_dirt_113":{"entityId":"ground_dirt_113","entityType":"ground","variationType":"dirt","x":1536,"y":-96,"rotation":0},"ground_dirt_114":{"entityId":"ground_dirt_114","entityType":"ground","variationType":"dirt","x":1536,"y":-64,"rotation":0},"ground_dirt_115":{"entityId":"ground_dirt_115","entityType":"ground","variationType":"dirt","x":1568,"y":-32,"rotation":0},"ground_dirt_116":{"entityId":"ground_dirt_116","entityType":"ground","variationType":"dirt","x":1536,"y":-32,"rotation":0},"ground_dirt_117":{"entityId":"ground_dirt_117","entityType":"ground","variationType":"dirt","x":1440,"y":-224,"rotation":0},
"coin_12":{"entityId":"coin_12","entityType":"coin","variationType":"","x":1472,"y":-288,"rotation":0},
"coin_13":{"entityId":"coin_13","entityType":"coin","variationType":"","x":1504,"y":-226,"rotation":0},
"coin_14":{"entityId":"coin_14","entityType":"coin","variationType":"","x":1536,"y":-160,"rotation":0},
"spikes_ball_118":{"entityId":"spikes_ball_118","entityType":"spikes","variationType":"ball","x":1376,"y":-352,"rotation":0},"spikes_ball_119":{"entityId":"spikes_ball_119","entityType":"spikes","variationType":"ball","x":1376,"y":-320,"rotation":0},"spikes_ball_120":{"entityId":"spikes_ball_120","entityType":"spikes","variationType":"ball","x":1344,"y":-320,"rotation":0},"spikes_ball_121":{"entityId":"spikes_ball_121","entityType":"spikes","variationType":"ball","x":1408,"y":-320,"rotation":0},
"coin_122":{"entityId":"coin_122","entityType":"coin","variationType":"","x":1344,"y":-384,"rotation":0},"coin_123":{"entityId":"coin_123","entityType":"coin","variationType":"","x":1376,"y":-416,"rotation":0},"coin_124":{"entityId":"coin_124","entityType":"coin","variationType":"","x":1408,"y":-384,"rotation":0},
"ground_grass_125":{"entityId":"ground_grass_125","entityType":"ground","variationType":"grass","x":1600,"y":-32,"rotation":0},"ground_grass_126":{"entityId":"ground_grass_126","entityType":"ground","variationType":"grass","x":1632,"y":-32,"rotation":0},"ground_grass_127":{"entityId":"ground_grass_127","entityType":"ground","variationType":"grass","x":1664,"y":-32,"rotation":0},"ground_grass_128":{"entityId":"ground_grass_128","entityType":"ground","variationType":"grass","x":1696,"y":-32,"rotation":0},"ground_grass_129":{"entityId":"ground_grass_129","entityType":"ground","variationType":"grass","x":1728,"y":-32,"rotation":0},"ground_grass_130":{"entityId":"ground_grass_130","entityType":"ground","variationType":"grass","x":1760,"y":-32,"rotation":0},"ground_grass_131":{"entityId":"ground_grass_131","entityType":"ground","variationType":"grass","x":1792,"y":-32,"rotation":0},
"star_132":
{"entityId":"star_132","entityType":"star","variationType":"","x":1632,"y":-64,"rotation":0},"ground_grass_133":{"entityId":"ground_grass_133","entityType":"ground","variationType":"grass","x":1824,"y":-32,"rotation":0},"ground_grass_134":{"entityId":"ground_grass_134","entityType":"ground","variationType":"grass","x":1856,"y":-32,"rotation":0},"ground_grass_135":{"entityId":"ground_grass_135","entityType":"ground","variationType":"grass","x":1888,"y":-32,"rotation":0},"ground_grass_136":{"entityId":"ground_grass_136","entityType":"ground","variationType":"grass","x":1920,"y":-32,"rotation":0},"ground_grass_137":{"entityId":"ground_grass_137","entityType":"ground","variationType":"grass","x":1952,"y":-32,"rotation":0},"ground_grass_138":{"entityId":"ground_grass_138","entityType":"ground","variationType":"grass","x":1984,"y":-32,"rotation":0},"ground_grass_139":{"entityId":"ground_grass_139","entityType":"ground","variationType":"grass","x":2016,"y":-32,"rotation":0},"ground_grass_140":{"entityId":"ground_grass_140","entityType":"ground","variationType":"grass","x":2048,"y":-32,"rotation":0},"ground_grass_141":{"entityId":"ground_grass_141","entityType":"ground","variationType":"grass","x":2080,"y":-32,"rotation":0},"ground_grass_142":{"entityId":"ground_grass_142","entityType":"ground","variationType":"grass","x":2112,"y":-32,"rotation":0},
"opponent_jumper_143":{"entityId":"opponent_jumper_143","entityType":"opponent","variationType":"jumper","x":1536,"y":-160,"rotation":0},"opponent_jumper_144":{"entityId":"opponent_jumper_144","entityType":"opponent","variationType":"jumper","x":2112,"y":-128,"rotation":0},"opponent_jumper_145":{"entityId":"opponent_jumper_145","entityType":"opponent","variationType":"jumper","x":2176,"y":-96,"rotation":0},"opponent_jumper_146":{"entityId":"opponent_jumper_146","entityType":"opponent","variationType":"jumper","x":2240,"y":-224,"rotation":0},"opponent_jumper_147":{"entityId":"opponent_jumper_147","entityType":"opponent","variationType":"jumper","x":2304,"y":-160,"rotation":0},
"ground_grass_148":{"entityId":"ground_grass_148","entityType":"ground","variationType":"grass","x":2144,"y":-32,"rotation":0},"ground_grass_149":{"entityId":"ground_grass_149","entityType":"ground","variationType":"grass","x":2176,"y":-32,"rotation":0},"ground_grass_150":{"entityId":"ground_grass_150","entityType":"ground","variationType":"grass","x":2208,"y":-32,"rotation":0},"ground_grass_151":{"entityId":"ground_grass_151","entityType":"ground","variationType":"grass","x":2240,"y":-32,"rotation":0},"ground_grass_152":{"entityId":"ground_grass_152","entityType":"ground","variationType":"grass","x":2272,"y":-32,"rotation":0},"ground_grass_153":{"entityId":"ground_grass_153","entityType":"ground","variationType":"grass","x":2304,"y":-32,"rotation":0},"ground_grass_159":{"entityId":"ground_grass_159","entityType":"ground","variationType":"grass","x":448,"y":-64,"rotation":0},"ground_grass_160":{"entityId":"ground_grass_160","entityType":"ground","variationType":"grass","x":480,"y":-96,"rotation":0},"ground_dirt_159":{"entityId":"ground_dirt_159","entityType":"ground","variationType":"dirt","x":448,"y":-32,"rotation":0},"ground_dirt_160":{"entityId":"ground_dirt_160","entityType":"ground","variationType":"dirt","x":480,"y":-32,"rotation":0},"ground_dirt_161":{"entityId":"ground_dirt_161","entityType":"ground","variationType":"dirt","x":480,"y":-64,"rotation":0},"spikes_ball_150":{"entityId":"spikes_ball_150","entityType":"spikes","variationType":"ball","x":1216,"y":-352,"rotation":0},"spikes_ball_151":{"entityId":"spikes_ball_151","entityType":"spikes","variationType":"ball","x":1216,"y":-320,"rotation":0},"spikes_ball_152":{"entityId":"spikes_ball_152","entityType":"spikes","variationType":"ball","x":1248,"y":-320,"rotation":0},"spikes_ball_153":{"entityId":"spikes_ball_153","entityType":"spikes","variationType":"ball","x":1184,"y":-320,"rotation":0},"coin_150":{"entityId":"coin_150","entityType":"coin","variationType":"","x":1280,"y":-352,"rotation":0},"coin_151":{"entityId":"coin_151","entityType":"coin","variationType":"","x":1312,"y":-352,"rotation":0},
"spikes_up_152":
{"entityId":"spikes_up_152","entityType":"spikes","variationType":"up","x":1696,"y":-64,"rotation":0},"spikes_up_153":{"entityId":"spikes_up_153","entityType":"spikes","variationType":"up","x":1728,"y":-64,"rotation":0},"spikes_up_154":{"entityId":"spikes_up_154","entityType":"spikes","variationType":"up","x":1760,"y":-64,"rotation":0},"ground_grass_155":{"entityId":"ground_grass_155","entityType":"ground","variationType":"grass","x":2336,"y":-32,"rotation":0},
"ground_grass_156":{"entityId":"ground_grass_156","entityType":"ground","variationType":"grass","x":2368,"y":-32,"rotation":0},"ground_grass_157":{"entityId":"ground_grass_157","entityType":"ground","variationType":"grass","x":2400,"y":-32,"rotation":0},"ground_grass_158":{"entityId":"ground_grass_158","entityType":"ground","variationType":"grass","x":2432,"y":-32,"rotation":0},
"ground_grass_159":{"entityId":"ground_grass_159","entityType":"ground","variationType":"grass","x":2464,"y":-32,"rotation":0},
"ground_grass_160":{"entityId":"ground_grass_160","entityType":"ground","variationType":"grass","x":2496,"y":-32,"rotation":0},
"ground_grass_161":{"entityId":"ground_grass_161","entityType":"ground","variationType":"grass","x":2528,"y":-32,"rotation":0},
"ground_grass_155":{"entityId":"ground_grass_162","entityType":"ground","variationType":"grass","x":2336,"y":-32,"rotation":0},
"spikes_up_163":
{"entityId":"spikes_up_163","entityType":"spikes","variationType":"up","x":2432,"y":-64,"rotation":0},
"spikes_up_164":
{"entityId":"spikes_up_164","entityType":"spikes","variationType":"up","x":2464,"y":-64,"rotation":0},
"spikes_up_165":
{"entityId":"spikes_up_165","entityType":"spikes","variationType":"up","x":2528,"y":-64,"rotation":0},
"spikes_up_166":
{"entityId":"spikes_up_166","entityType":"spikes","variationType":"up","x":2560,"y":-64,"rotation":0},
"ground_grass_166":{"entityId":"ground_grass_166","entityType":"ground","variationType":"grass","x":2560,"y":-32,"rotation":0},
"ground_grass_167":{"entityId":"ground_grass_167","entityType":"ground","variationType":"grass","x":2592,"y":-32,"rotation":0},
"ground_grass_168":{"entityId":"ground_grass_168","entityType":"ground","variationType":"grass","x":2624,"y":-32,"rotation":0},
"ground_grass_169":{"entityId":"ground_grass_169","entityType":"ground","variationType":"grass","x":2656,"y":-32,"rotation":0},
"ground_grass_170":{"entityId":"ground_grass_170","entityType":"ground","variationType":"grass","x":2688,"y":-32,"rotation":0},
"ground_grass_171":{"entityId":"ground_grass_171","entityType":"ground","variationType":"grass","x":2720,"y":-32,"rotation":0},
"ground_grass_172":{"entityId":"ground_grass_172","entityType":"ground","variationType":"grass","x":2752,"y":-32,"rotation":0},
"ground_grass_173":{"entityId":"ground_grass_173","entityType":"ground","variationType":"grass","x":2784,"y":-32,"rotation":0},
"ground_grass_174":{"entityId":"ground_grass_174","entityType":"ground","variationType":"grass","x":2816,"y":-32,"rotation":0},
"ground_grass_175":{"entityId":"ground_grass_175","entityType":"ground","variationType":"grass","x":2848,"y":-32,"rotation":0},
"ground_grass_176":{"entityId":"ground_grass_176","entityType":"ground","variationType":"grass","x":2880,"y":-32,"rotation":0},
"ground_grass_177":{"entityId":"ground_grass_177","entityType":"ground","variationType":"grass","x":2912,"y":-32,"rotation":0},
"ground_grass_178":{"entityId":"ground_grass_178","entityType":"ground","variationType":"grass","x":2944,"y":-32,"rotation":0},
"coin_170":{"entityId":"coin_170","entityType":"coin","variationType":"","x":2432,"y":-96,"rotation":0},
"coin_171":{"entityId":"coin_171","entityType":"coin","variationType":"","x":2464,"y":-96,"rotation":0},
"coin_172":{"entityId":"coin_172","entityType":"coin","variationType":"","x":2528,"y":-96,"rotation":0},
"coin_173":{"entityId":"coin_173","entityType":"coin","variationType":"","x":2560,"y":-96,"rotation":0},
"coin_174":{"entityId":"coin_174","entityType":"coin","variationType":"","x":2592,"y":-96,"rotation":0},
"ground_grass_179":{"entityId":"ground_grass_179","entityType":"ground","variationType":"grass","x":2976,"y":-32,"rotation":0},
"ground_grass_180":{"entityId":"ground_grass_180","entityType":"ground","variationType":"grass","x":3008,"y":-32,"rotation":0},
"ground_grass_181":{"entityId":"ground_grass_181","entityType":"ground","variationType":"grass","x":2912,"y":-32,"rotation":0},
"ground_grass_182":{"entityId":"ground_grass_182","entityType":"ground","variationType":"grass","x":3040,"y":-32,"rotation":0},
"ground_grass_183":{"entityId":"ground_grass_183","entityType":"ground","variationType":"grass","x":3072,"y":-32,"rotation":0},
"ground_grass_184":{"entityId":"ground_grass_184","entityType":"ground","variationType":"grass","x":3104,"y":-32,"rotation":0},
"ground_grass_185":{"entityId":"ground_grass_185","entityType":"ground","variationType":"grass","x":3136,"y":-32,"rotation":0},
"spikes_ball_183":{"entityId":"spikes_ball_183","entityType":"spikes","variationType":"ball","x":2720,"y":-128,"rotation":0},"spikes_ball_184":{"entityId":"spikes_ball_184","entityType":"spikes","variationType":"ball","x":2752,"y":-160,"rotation":0},"spikes_ball_185":{"entityId":"spikes_ball_185","entityType":"spikes","variationType":"ball","x":2784,"y":-128,"rotation":0},
"coin_186":{"entityId":"coin_186","entityType":"coin","variationType":"","x":2816,"y":-128,"rotation":0},
"coin_187":{"entityId":"coin_187","entityType":"coin","variationType":"","x":2848,"y":-160,"rotation":0},
"coin_188":{"entityId":"coin_188","entityType":"coin","variationType":"","x":2880,"y":-128,"rotation":0},
"coin_189":{"entityId":"coin_189","entityType":"coin","variationType":"","x":2912,"y":-96,"rotation":0},
"coin_190":{"entityId":"coin_190","entityType":"coin","variationType":"","x":2946,"y":-96,"rotation":0},
"coin_191":{"entityId":"coin_191","entityType":"coin","variationType":"","x":2978,"y":-96,"rotation":0},
"coin_192":{"entityId":"coin_192","entityType":"coin","variationType":"","x":2720,"y":-160,"rotation":0},
"coin_193":{"entityId":"coin_193","entityType":"coin","variationType":"","x":2752,"y":-198,"rotation":0},
"coin_194":{"entityId":"coin_194","entityType":"coin","variationType":"","x":2784,"y":-160,"rotation":0},
"finish_159"
:{"entityId":"finish_159","entityType":"finish","variationType":"","x":3068,"y":-145,"rotation":0}},
"editableComponentData":{"Balance":{"accelerationForce":1000,"killJumpForce":420,"maxFallingSpeed":800,"maxSpeed":230,"normalJumpForce":210,"starInvincibilityTime":4000},"Physics":{"gravityY":40},"OpponentWalker":{"speed":70},"OpponentJumper":{"horizontalJumpForce":40,"verticalJumpForce":510}},
"levelMetaData":{"levelName":"Level I","levelId":6089,"storageLocation":"authorGenerated","lastModificationTime":"2022-07-10 ","creationTime":"2022-06-20"},
"customData":{"background":0,"playerX":32,"playerY":-96}}
