{"entityData":{"ground_grass_14":{"entityId":"ground_grass_14","entityType":"ground","variationType":"grass","x":32,"y":-32,"rotation":0},"ground_grass_15":{"entityId":"ground_grass_15","entityType":"ground","variationType":"grass","x":64,"y":-32,"rotation":0},"ground_grass_16":{"entityId":"ground_grass_16","entityType":"ground","variationType":"grass","x":96,"y":-32,"rotation":0},"ground_grass_17":{"entityId":"ground_grass_17","entityType":"ground","variationType":"grass","x":128,"y":-32,"rotation":0},"ground_grass_18":{"entityId":"ground_grass_18","entityType":"ground","variationType":"grass","x":160,"y":-32,"rotation":0},"ground_grass_19":{"entityId":"ground_grass_19","entityType":"ground","variationType":"grass","x":192,"y":-32,"rotation":0},"ground_grass_20":{"entityId":"ground_grass_20","entityType":"ground","variationType":"grass","x":224,"y":-32,"rotation":0},"ground_grass_21":{"entityId":"ground_grass_21","entityType":"ground","variationType":"grass","x":256,"y":-32,"rotation":0},"ground_grass_22":{"entityId":"ground_grass_22","entityType":"ground","variationType":"grass","x":288,"y":-32,"rotation":0},"ground_grass_23":{"entityId":"ground_grass_23","entityType":"ground","variationType":"grass","x":320,"y":-32,"rotation":0},"ground_dirt_23":{"entityId":"ground_dirt_23","entityType":"ground","variationType":"dirt","x":0,"y":-320,"rotation":0},"ground_dirt_24":{"entityId":"ground_dirt_24","entityType":"ground","variationType":"dirt","x":0,"y":-288,"rotation":0},"ground_dirt_25":{"entityId":"ground_dirt_25","entityType":"ground","variationType":"dirt","x":0,"y":-256,"rotation":0},"ground_dirt_26":{"entityId":"ground_dirt_26","entityType":"ground","variationType":"dirt","x":0,"y":-224,"rotation":0},"ground_dirt_27":{"entityId":"ground_dirt_27","entityType":"ground","variationType":"dirt","x":0,"y":-192,"rotation":0},"ground_dirt_28":{"entityId":"ground_dirt_28","entityType":"ground","variationType":"dirt","x":0,"y":-160,"rotation":0},"ground_dirt_29":{"entityId":"ground_dirt_29","entityType":"ground","variationType":"dirt","x":0,"y":-128,"rotation":0},"ground_dirt_30":{"entityId":"ground_dirt_30","entityType":"ground","variationType":"dirt","x":0,"y":-96,"rotation":0},"ground_dirt_31":{"entityId":"ground_dirt_31","entityType":"ground","variationType":"dirt","x":0,"y":-64,"rotation":0},"ground_dirt_32":{"entityId":"ground_dirt_32","entityType":"ground","variationType":"dirt","x":0,"y":-32,"rotation":0},"ground_dirt_33":{"entityId":"ground_dirt_33","entityType":"ground","variationType":"dirt","x":352,"y":-32,"rotation":0},"ground_dirt_34":{"entityId":"ground_dirt_34","entityType":"ground","variationType":"dirt","x":352,"y":-64,"rotation":0},"ground_dirt_35":{"entityId":"ground_dirt_35","entityType":"ground","variationType":"dirt","x":352,"y":-96,"rotation":0},"ground_dirt_36":{"entityId":"ground_dirt_36","entityType":"ground","variationType":"dirt","x":352,"y":-128,"rotation":0},"ground_dirt_37":{"entityId":"ground_dirt_37","entityType":"ground","variationType":"dirt","x":352,"y":-160,"rotation":0},"ground_dirt_38":{"entityId":"ground_dirt_38","entityType":"ground","variationType":"dirt","x":352,"y":-192,"rotation":0},"ground_dirt_39":{"entityId":"ground_dirt_39","entityType":"ground","variationType":"dirt","x":352,"y":-224,"rotation":0},"ground_dirt_40":{"entityId":"ground_dirt_40","entityType":"ground","variationType":"dirt","x":352,"y":-256,"rotation":0},"ground_dirt_41":{"entityId":"ground_dirt_41","entityType":"ground","variationType":"dirt","x":352,"y":-288,"rotation":0},"ground_dirt_42":{"entityId":"ground_dirt_42","entityType":"ground","variationType":"dirt","x":352,"y":-320,"rotation":0},"ground_dirt_43":{"entityId":"ground_dirt_43","entityType":"ground","variationType":"dirt","x":0,"y":-800,"rotation":0},"ground_dirt_44":{"entityId":"ground_dirt_44","entityType":"ground","variationType":"dirt","x":0,"y":-768,"rotation":0},"ground_dirt_45":{"entityId":"ground_dirt_45","entityType":"ground","variationType":"dirt","x":0,"y":-736,"rotation":0},"ground_dirt_46":{"entityId":"ground_dirt_46","entityType":"ground","variationType":"dirt","x":0,"y":-704,"rotation":0},"ground_dirt_47":{"entityId":"ground_dirt_47","entityType":"ground","variationType":"dirt","x":0,"y":-672,"rotation":0},"ground_dirt_48":{"entityId":"ground_dirt_48","entityType":"ground","variationType":"dirt","x":0,"y":-640,"rotation":0},"ground_dirt_49":{"entityId":"ground_dirt_49","entityType":"ground","variationType":"dirt","x":0,"y":-608,"rotation":0},"ground_dirt_50":{"entityId":"ground_dirt_50","entityType":"ground","variationType":"dirt","x":0,"y":-576,"rotation":0},"ground_dirt_51":{"entityId":"ground_dirt_51","entityType":"ground","variationType":"dirt","x":0,"y":-544,"rotation":0},"ground_dirt_52":{"entityId":"ground_dirt_52","entityType":"ground","variationType":"dirt","x":0,"y":-512,"rotation":0},"ground_dirt_53":{"entityId":"ground_dirt_53","entityType":"ground","variationType":"dirt","x":0,"y":-480,"rotation":0},"ground_dirt_54":{"entityId":"ground_dirt_54","entityType":"ground","variationType":"dirt","x":0,"y":-448,"rotation":0},"ground_dirt_55":{"entityId":"ground_dirt_55","entityType":"ground","variationType":"dirt","x":0,"y":-416,"rotation":0},"ground_dirt_56":{"entityId":"ground_dirt_56","entityType":"ground","variationType":"dirt","x":0,"y":-384,"rotation":0},"ground_dirt_57":{"entityId":"ground_dirt_57","entityType":"ground","variationType":"dirt","x":0,"y":-352,"rotation":0},"ground_dirt_58":{"entityId":"ground_dirt_58","entityType":"ground","variationType":"dirt","x":352,"y":-352,"rotation":0},"ground_dirt_59":{"entityId":"ground_dirt_59","entityType":"ground","variationType":"dirt","x":352,"y":-384,"rotation":0},"ground_dirt_60":{"entityId":"ground_dirt_60","entityType":"ground","variationType":"dirt","x":352,"y":-416,"rotation":0},"ground_dirt_61":{"entityId":"ground_dirt_61","entityType":"ground","variationType":"dirt","x":352,"y":-448,"rotation":0},"ground_dirt_62":{"entityId":"ground_dirt_62","entityType":"ground","variationType":"dirt","x":352,"y":-480,"rotation":0},"ground_dirt_63":{"entityId":"ground_dirt_63","entityType":"ground","variationType":"dirt","x":352,"y":-512,"rotation":0},"ground_dirt_64":{"entityId":"ground_dirt_64","entityType":"ground","variationType":"dirt","x":352,"y":-544,"rotation":0},"ground_dirt_65":{"entityId":"ground_dirt_65","entityType":"ground","variationType":"dirt","x":352,"y":-576,"rotation":0},"ground_dirt_66":{"entityId":"ground_dirt_66","entityType":"ground","variationType":"dirt","x":352,"y":-608,"rotation":0},"ground_dirt_67":{"entityId":"ground_dirt_67","entityType":"ground","variationType":"dirt","x":352,"y":-640,"rotation":0},"ground_dirt_68":{"entityId":"ground_dirt_68","entityType":"ground","variationType":"dirt","x":352,"y":-672,"rotation":0},"ground_dirt_69":{"entityId":"ground_dirt_69","entityType":"ground","variationType":"dirt","x":352,"y":-704,"rotation":0},"ground_dirt_70":{"entityId":"ground_dirt_70","entityType":"ground","variationType":"dirt","x":352,"y":-736,"rotation":0},"ground_dirt_71":{"entityId":"ground_dirt_71","entityType":"ground","variationType":"dirt","x":352,"y":-768,"rotation":0},"ground_dirt_72":{"entityId":"ground_dirt_72","entityType":"ground","variationType":"dirt","x":352,"y":-800,"rotation":0},"ground_dirt_73":{"entityId":"ground_dirt_73","entityType":"ground","variationType":"dirt","x":0,"y":-832,"rotation":0},"ground_dirt_74":{"entityId":"ground_dirt_74","entityType":"ground","variationType":"dirt","x":0,"y":-864,"rotation":0},"ground_dirt_75":{"entityId":"ground_dirt_75","entityType":"ground","variationType":"dirt","x":0,"y":-896,"rotation":0},"ground_dirt_76":{"entityId":"ground_dirt_76","entityType":"ground","variationType":"dirt","x":0,"y":-928,"rotation":0},"ground_dirt_77":{"entityId":"ground_dirt_77","entityType":"ground","variationType":"dirt","x":0,"y":-960,"rotation":0},"ground_dirt_78":{"entityId":"ground_dirt_78","entityType":"ground","variationType":"dirt","x":0,"y":-992,"rotation":0},"ground_dirt_79":{"entityId":"ground_dirt_79","entityType":"ground","variationType":"dirt","x":0,"y":-1024,"rotation":0},"ground_dirt_80":{"entityId":"ground_dirt_80","entityType":"ground","variationType":"dirt","x":0,"y":-1056,"rotation":0},"ground_dirt_81":{"entityId":"ground_dirt_81","entityType":"ground","variationType":"dirt","x":0,"y":-1088,"rotation":0},"ground_dirt_82":{"entityId":"ground_dirt_82","entityType":"ground","variationType":"dirt","x":0,"y":-1120,"rotation":0},"ground_dirt_83":{"entityId":"ground_dirt_83","entityType":"ground","variationType":"dirt","x":0,"y":-1152,"rotation":0},"ground_dirt_84":{"entityId":"ground_dirt_84","entityType":"ground","variationType":"dirt","x":0,"y":-1184,"rotation":0},"ground_dirt_85":{"entityId":"ground_dirt_85","entityType":"ground","variationType":"dirt","x":0,"y":-1216,"rotation":0},"ground_dirt_86":{"entityId":"ground_dirt_86","entityType":"ground","variationType":"dirt","x":0,"y":-1248,"rotation":0},"ground_dirt_87":{"entityId":"ground_dirt_87","entityType":"ground","variationType":"dirt","x":0,"y":-1280,"rotation":0},"ground_dirt_88":{"entityId":"ground_dirt_88","entityType":"ground","variationType":"dirt","x":0,"y":-1312,"rotation":0},"ground_dirt_89":{"entityId":"ground_dirt_89","entityType":"ground","variationType":"dirt","x":0,"y":-1344,"rotation":0},"ground_dirt_90":{"entityId":"ground_dirt_90","entityType":"ground","variationType":"dirt","x":0,"y":-1376,"rotation":0},"ground_dirt_91":{"entityId":"ground_dirt_91","entityType":"ground","variationType":"dirt","x":0,"y":-1408,"rotation":0},"ground_dirt_92":{"entityId":"ground_dirt_92","entityType":"ground","variationType":"dirt","x":0,"y":-1440,"rotation":0},"ground_dirt_93":{"entityId":"ground_dirt_93","entityType":"ground","variationType":"dirt","x":0,"y":-1472,"rotation":0},"ground_dirt_94":{"entityId":"ground_dirt_94","entityType":"ground","variationType":"dirt","x":0,"y":-1504,"rotation":0},"ground_dirt_96":{"entityId":"ground_dirt_96","entityType":"ground","variationType":"dirt","x":352,"y":-832,"rotation":0},"ground_dirt_97":{"entityId":"ground_dirt_97","entityType":"ground","variationType":"dirt","x":352,"y":-864,"rotation":0},"ground_dirt_98":{"entityId":"ground_dirt_98","entityType":"ground","variationType":"dirt","x":352,"y":-896,"rotation":0},"ground_dirt_99":{"entityId":"ground_dirt_99","entityType":"ground","variationType":"dirt","x":352,"y":-928,"rotation":0},"ground_dirt_100":{"entityId":"ground_dirt_100","entityType":"ground","variationType":"dirt","x":352,"y":-960,"rotation":0},"ground_dirt_101":{"entityId":"ground_dirt_101","entityType":"ground","variationType":"dirt","x":352,"y":-992,"rotation":0},"ground_dirt_102":{"entityId":"ground_dirt_102","entityType":"ground","variationType":"dirt","x":352,"y":-1024,"rotation":0},"ground_dirt_103":{"entityId":"ground_dirt_103","entityType":"ground","variationType":"dirt","x":352,"y":-1056,"rotation":0},"ground_dirt_104":{"entityId":"ground_dirt_104","entityType":"ground","variationType":"dirt","x":352,"y":-1088,"rotation":0},"ground_dirt_105":{"entityId":"ground_dirt_105","entityType":"ground","variationType":"dirt","x":352,"y":-1120,"rotation":0},"ground_dirt_106":{"entityId":"ground_dirt_106","entityType":"ground","variationType":"dirt","x":352,"y":-1152,"rotation":0},"ground_dirt_107":{"entityId":"ground_dirt_107","entityType":"ground","variationType":"dirt","x":352,"y":-1184,"rotation":0},"ground_dirt_108":{"entityId":"ground_dirt_108","entityType":"ground","variationType":"dirt","x":352,"y":-1216,"rotation":0},"ground_dirt_109":{"entityId":"ground_dirt_109","entityType":"ground","variationType":"dirt","x":352,"y":-1248,"rotation":0},"ground_dirt_110":{"entityId":"ground_dirt_110","entityType":"ground","variationType":"dirt","x":352,"y":-1280,"rotation":0},"ground_dirt_111":{"entityId":"ground_dirt_111","entityType":"ground","variationType":"dirt","x":352,"y":-1312,"rotation":0},"ground_dirt_112":{"entityId":"ground_dirt_112","entityType":"ground","variationType":"dirt","x":352,"y":-1344,"rotation":0},"ground_dirt_113":{"entityId":"ground_dirt_113","entityType":"ground","variationType":"dirt","x":352,"y":-1376,"rotation":0},"ground_dirt_114":{"entityId":"ground_dirt_114","entityType":"ground","variationType":"dirt","x":352,"y":-1408,"rotation":0},"ground_dirt_115":{"entityId":"ground_dirt_115","entityType":"ground","variationType":"dirt","x":352,"y":-1440,"rotation":0},"ground_dirt_116":{"entityId":"ground_dirt_116","entityType":"ground","variationType":"dirt","x":352,"y":-1472,"rotation":0},"ground_dirt_117":{"entityId":"ground_dirt_117","entityType":"ground","variationType":"dirt","x":352,"y":-1504,"rotation":0},"ground_dirt_118":{"entityId":"ground_dirt_118","entityType":"ground","variationType":"dirt","x":352,"y":-1536,"rotation":0},"platform_119":{"entityId":"platform_119","entityType":"platform","variationType":"","x":288,"y":-128,"rotation":0},"platform_120":{"entityId":"platform_120","entityType":"platform","variationType":"","x":320,"y":-128,"rotation":0},"platform_121":{"entityId":"platform_121","entityType":"platform","variationType":"","x":256,"y":-128,"rotation":0},"platform_122":{"entityId":"platform_122","entityType":"platform","variationType":"","x":160,"y":-224,"rotation":0},"platform_123":{"entityId":"platform_123","entityType":"platform","variationType":"","x":128,"y":-224,"rotation":0},"platform_124":{"entityId":"platform_124","entityType":"platform","variationType":"","x":96,"y":-224,"rotation":0},"platform_125":{"entityId":"platform_125","entityType":"platform","variationType":"","x":256,"y":-320,"rotation":0},"platform_126":{"entityId":"platform_126","entityType":"platform","variationType":"","x":192,"y":-416,"rotation":0},"platform_127":{"entityId":"platform_127","entityType":"platform","variationType":"","x":64,"y":-512,"rotation":0},"platform_128":{"entityId":"platform_128","entityType":"platform","variationType":"","x":320,"y":-576,"rotation":0},"platform_129":{"entityId":"platform_129","entityType":"platform","variationType":"","x":288,"y":-576,"rotation":0},"platform_130":{"entityId":"platform_130","entityType":"platform","variationType":"","x":256,"y":-576,"rotation":0},"opponent_walker_131":{"entityId":"opponent_walker_131","entityType":"opponent","variationType":"walker","x":320,"y":-608,"rotation":0},"opponent_walker_132":{"entityId":"opponent_walker_132","entityType":"opponent","variationType":"walker","x":300,"y":-50,"rotation":0},"platform_132":{"entityId":"platform_132","entityType":"platform","variationType":"","x":288,"y":-672,"rotation":0},"platform_133":{"entityId":"platform_133","entityType":"platform","variationType":"","x":256,"y":-768,"rotation":0},"platform_134":{"entityId":"platform_134","entityType":"platform","variationType":"","x":64,"y":-768,"rotation":0},"platform_135":{"entityId":"platform_135","entityType":"platform","variationType":"","x":32,"y":-768,"rotation":0},"platform_136":{"entityId":"platform_136","entityType":"platform","variationType":"","x":32,"y":-864,"rotation":0},"platform_137":{"entityId":"platform_137","entityType":"platform","variationType":"","x":64,"y":-864,"rotation":0},"platform_138":{"entityId":"platform_138","entityType":"platform","variationType":"","x":64,"y":-960,"rotation":0},"platform_139":{"entityId":"platform_139","entityType":"platform","variationType":"","x":32,"y":-960,"rotation":0},"ground_dirt_140":{"entityId":"ground_dirt_140","entityType":"ground","variationType":"dirt","x":96,"y":-864,"rotation":0},"ground_dirt_141":{"entityId":"ground_dirt_141","entityType":"ground","variationType":"dirt","x":96,"y":-896,"rotation":0},"ground_dirt_142":{"entityId":"ground_dirt_142","entityType":"ground","variationType":"dirt","x":96,"y":-928,"rotation":0},"ground_dirt_143":{"entityId":"ground_dirt_143","entityType":"ground","variationType":"dirt","x":96,"y":-960,"rotation":0},"spikes_ball_144":{"entityId":"spikes_ball_144","entityType":"spikes","variationType":"ball","x":128,"y":-960,"rotation":0},"spikes_ball_145":{"entityId":"spikes_ball_145","entityType":"spikes","variationType":"ball","x":160,"y":-960,"rotation":0},"spikes_ball_146":{"entityId":"spikes_ball_146","entityType":"spikes","variationType":"ball","x":192,"y":-960,"rotation":0},"spikes_ball_147":{"entityId":"spikes_ball_147","entityType":"spikes","variationType":"ball","x":224,"y":-960,"rotation":0},"spikes_ball_148":{"entityId":"spikes_ball_148","entityType":"spikes","variationType":"ball","x":256,"y":-960,"rotation":0},"spikes_ball_149":{"entityId":"spikes_ball_149","entityType":"spikes","variationType":"ball","x":288,"y":-960,"rotation":0},"spikes_ball_150":{"entityId":"spikes_ball_150","entityType":"spikes","variationType":"ball","x":320,"y":-960,"rotation":0},"spikes_ball_151":{"entityId":"spikes_ball_151","entityType":"spikes","variationType":"ball","x":245,"y":-1234,"rotation":0},"ground_grass_151":{"entityId":"ground_grass_151","entityType":"ground","variationType":"grass","x":96,"y":-992,"rotation":0},"coin_153":{"entityId":"coin_153","entityType":"coin","variationType":"","x":256,"y":-896,"rotation":0},"coin_154":{"entityId":"coin_154","entityType":"coin","variationType":"","x":256,"y":-864,"rotation":0},"coin_157":{"entityId":"coin_157","entityType":"coin","variationType":"","x":224,"y":-864,"rotation":0},"coin_160":{"entityId":"coin_160","entityType":"coin","variationType":"","x":288,"y":-864,"rotation":0},"coin_161":{"entityId":"coin_161","entityType":"coin","variationType":"","x":130,"y":-260,"rotation":0},"platform_161":{"entityId":"platform_161","entityType":"platform","variationType":"","x":96,"y":-768,"rotation":0},"platform_162":{"entityId":"platform_162","entityType":"platform","variationType":"","x":128,"y":-768,"rotation":0},"platform_163":{"entityId":"platform_163","entityType":"platform","variationType":"","x":224,"y":-1056,"rotation":0},"platform_164":{"entityId":"platform_164","entityType":"platform","variationType":"","x":256,"y":-1056,"rotation":0},"platform_165":{"entityId":"platform_165","entityType":"platform","variationType":"","x":320,"y":-1184,"rotation":0},"platform_166":{"entityId":"platform_166","entityType":"platform","variationType":"","x":160,"y":-1184,"rotation":0},"platform_167":{"entityId":"platform_167","entityType":"platform","variationType":"","x":224,"y":-1280,"rotation":0},"platform_168":{"entityId":"platform_168","entityType":"platform","variationType":"","x":256,"y":-1280,"rotation":0},"platform_169":{"entityId":"platform_169","entityType":"platform","variationType":"","x":96,"y":-1344,"rotation":0},"platform_170":{"entityId":"platform_170","entityType":"platform","variationType":"","x":64,"y":-1344,"rotation":0},"platform_171":{"entityId":"platform_171","entityType":"platform","variationType":"","x":32,"y":-1344,"rotation":0},"platform_172":{"entityId":"platform_172","entityType":"platform","variationType":"","x":128,"y":-1344,"rotation":0},"mushroom_45":{"entityId":"mushroom_1","entityType":"mushroom","variationType":"","x":50,"y":-800,"rotation":0},"opponent_jumper_173":{"entityId":"opponent_jumper_173","entityType":"opponent","variationType":"jumper","x":128,"y":-1376,"rotation":0},"platform_183":{"entityId":"platform_183","entityType":"platform","variationType":"","x":32,"y":-1440,"rotation":0},"platform_176":{"entityId":"platform_176","entityType":"platform","variationType":"","x":32,"y":-1536,"rotation":0},"platform_177":{"entityId":"platform_177","entityType":"platform","variationType":"","x":64,"y":-1536,"rotation":0},"platform_176_":{"entityId":"platform_176_","entityType":"platform","variationType":"","x":64,"y":-1440,"rotation":0},"platform_177_":{"entityId":"platform_177_","entityType":"platform","variationType":"","x":64,"y":-1632,"rotation":0},"platform_178":{"entityId":"platform_178","entityType":"platform","variationType":"","x":32,"y":-1632,"rotation":0},"ground_dirt_179":{"entityId":"ground_dirt_179","entityType":"ground","variationType":"dirt","x":96,"y":-1536,"rotation":0},"ground_dirt_180":{"entityId":"ground_dirt_180","entityType":"ground","variationType":"dirt","x":96,"y":-1568,"rotation":0},"ground_dirt_181":{"entityId":"ground_dirt_181","entityType":"ground","variationType":"dirt","x":96,"y":-1600,"rotation":0},"ground_dirt_182":{"entityId":"ground_dirt_182","entityType":"ground","variationType":"dirt","x":0,"y":-1536,"rotation":0},"ground_dirt_183":{"entityId":"ground_dirt_183","entityType":"ground","variationType":"dirt","x":0,"y":-1568,"rotation":0},"ground_dirt_184":{"entityId":"ground_dirt_184","entityType":"ground","variationType":"dirt","x":0,"y":-1600,"rotation":0},"ground_dirt_185":{"entityId":"ground_dirt_185","entityType":"ground","variationType":"dirt","x":0,"y":-1632,"rotation":0},"ground_grass_186":{"entityId":"ground_grass_186","entityType":"ground","variationType":"grass","x":96,"y":-1632,"rotation":0},"ground_grass_187":{"entityId":"ground_grass_187","entityType":"ground","variationType":"grass","x":128,"y":-1632,"rotation":0},"ground_grass_188":{"entityId":"ground_grass_188","entityType":"ground","variationType":"grass","x":160,"y":-1632,"rotation":0},"ground_grass_189":{"entityId":"ground_grass_189","entityType":"ground","variationType":"grass","x":192,"y":-1632,"rotation":0},"ground_grass_190":{"entityId":"ground_grass_190","entityType":"ground","variationType":"grass","x":224,"y":-1632,"rotation":0},"ground_grass_191":{"entityId":"ground_grass_191","entityType":"ground","variationType":"grass","x":256,"y":-1632,"rotation":0},"ground_grass_192":{"entityId":"ground_grass_192","entityType":"ground","variationType":"grass","x":288,"y":-1632,"rotation":0},"ground_grass_193":{"entityId":"ground_grass_193","entityType":"ground","variationType":"grass","x":320,"y":-1632,"rotation":0},"ground_dirt_194":{"entityId":"ground_dirt_194","entityType":"ground","variationType":"dirt","x":352,"y":-1568,"rotation":0},"ground_dirt_195":{"entityId":"ground_dirt_195","entityType":"ground","variationType":"dirt","x":352,"y":-1600,"rotation":0},"ground_dirt_196":{"entityId":"ground_dirt_196","entityType":"ground","variationType":"dirt","x":352,"y":-1632,"rotation":0},"ground_dirt_197":{"entityId":"ground_dirt_197","entityType":"ground","variationType":"dirt","x":352,"y":-1664,"rotation":0},"ground_dirt_198":{"entityId":"ground_dirt_198","entityType":"ground","variationType":"dirt","x":352,"y":-1696,"rotation":0},"ground_dirt_199":{"entityId":"ground_dirt_199","entityType":"ground","variationType":"dirt","x":352,"y":-1728,"rotation":0},"ground_dirt_212":{"entityId":"ground_dirt_212","entityType":"ground","variationType":"dirt","x":0,"y":-1728,"rotation":0},"ground_dirt_213":{"entityId":"ground_dirt_213","entityType":"ground","variationType":"dirt","x":0,"y":-1696,"rotation":0},"ground_dirt_214":{"entityId":"ground_dirt_214","entityType":"ground","variationType":"dirt","x":0,"y":-1664,"rotation":0},"opponent_jumper_215":{"entityId":"opponent_jumper_215","entityType":"opponent","variationType":"jumper","x":160,"y":-1664,"rotation":0},"finish_217":{"entityId":"finish_217","entityType":"finish","variationType":"","x":320,"y":-1728,"rotation":0},"finish_218":{"entityId":"finish_218","entityType":"finish","variationType":"","x":320,"y":-1696,"rotation":0},"finish_219":{"entityId":"finish_219","entityType":"finish","variationType":"","x":320,"y":-1664,"rotation":0},"coin_221":{"entityId":"coin_221","entityType":"coin","variationType":"","x":288,"y":-160,"rotation":0},"coin_222":{"entityId":"coin_222","entityType":"coin","variationType":"","x":256,"y":-352,"rotation":0},"coin_224":{"entityId":"coin_224","entityType":"coin","variationType":"","x":64,"y":-544,"rotation":0},"coin_226":{"entityId":"coin_226","entityType":"coin","variationType":"","x":288,"y":-704,"rotation":0},"coin_227":{"entityId":"coin_227","entityType":"coin","variationType":"","x":160,"y":-1216,"rotation":0},"coin_228":{"entityId":"coin_228","entityType":"coin","variationType":"","x":320,"y":-1216,"rotation":0},"coin_229":{"entityId":"coin_229","entityType":"coin","variationType":"","x":64,"y":-1376,"rotation":0},"ground_dirt_210":{"entityId":"ground_dirt_210","entityType":"ground","variationType":"dirt","x":0,"y":-1760,"rotation":0},"ground_dirt_211":{"entityId":"ground_dirt_211","entityType":"ground","variationType":"dirt","x":352,"y":-1760,"rotation":0},"ground_grass_224":{"entityId":"ground_grass_224","entityType":"ground","variationType":"grass","x":32,"y":-1792,"rotation":0},"ground_grass_223":{"entityId":"ground_grass_223","entityType":"ground","variationType":"grass","x":352,"y":-3000,"rotation":0},"spikes_up_152":{"entityId":"spikes_up_152","entityType":"spikes","variationType":"up","x":270,"y":-1664,"rotation":0},"spikes_up_153":{"entityId":"spikes_up_153","entityType":"spikes","variationType":"up","x":239,"y":-1664,"rotation":0},"spikes_up_154":{"entityId":"spikes_up_154","entityType":"spikes","variationType":"up","x":208,"y":-1664,"rotation":0},"finish_224":{"entityId":"finish_224","entityType":"finish","variationType":"","x":320,"y":-1760,"rotation":0}},"editableComponentData":{"Balance":{"accelerationForce":1000,"killJumpForce":420,"maxFallingSpeed":800,"maxSpeed":230,"normalJumpForce":210,"starInvincibilityTime":4000},"Physics":{"gravityY":40},"OpponentWalker":{"speed":70},"OpponentJumper":{"horizontalJumpForce":40,"verticalJumpForce":510}},"levelMetaData":{"levelName":"Demo 2","levelId":4566,"storageLocation":"authorGenerated","lastModificationTime":"Mi. Dez. 16 12:41:55 2015 GMT","creationTime":"Do. Dez. 10 16:04:52 2015 GMT"},"customData":{"background":0,"playerX":32,"playerY":-96}}
